<?xml version="1.0" encoding="UTF-8"?>
<office:document-content xmlns:office="urn:oasis:names:tc:opendocument:xmlns:office:1.0" xmlns:style="urn:oasis:names:tc:opendocument:xmlns:style:1.0" xmlns:text="urn:oasis:names:tc:opendocument:xmlns:text:1.0" xmlns:table="urn:oasis:names:tc:opendocument:xmlns:table:1.0" xmlns:draw="urn:oasis:names:tc:opendocument:xmlns:drawing:1.0" xmlns:fo="urn:oasis:names:tc:opendocument:xmlns:xsl-fo-compatible:1.0" xmlns:xlink="http://www.w3.org/1999/xlink" xmlns:dc="http://purl.org/dc/elements/1.1/" xmlns:meta="urn:oasis:names:tc:opendocument:xmlns:meta:1.0" xmlns:number="urn:oasis:names:tc:opendocument:xmlns:datastyle:1.0" xmlns:svg="urn:oasis:names:tc:opendocument:xmlns:svg-compatible:1.0" xmlns:chart="urn:oasis:names:tc:opendocument:xmlns:chart:1.0" xmlns:dr3d="urn:oasis:names:tc:opendocument:xmlns:dr3d:1.0" xmlns:math="http://www.w3.org/1998/Math/MathML" xmlns:form="urn:oasis:names:tc:opendocument:xmlns:form:1.0" xmlns:script="urn:oasis:names:tc:opendocument:xmlns:script:1.0" xmlns:ooo="http://openoffice.org/2004/office" xmlns:ooow="http://openoffice.org/2004/writer" xmlns:oooc="http://openoffice.org/2004/calc" xmlns:dom="http://www.w3.org/2001/xml-events" xmlns:xforms="http://www.w3.org/2002/xforms" xmlns:xsd="http://www.w3.org/2001/XMLSchema" xmlns:xsi="http://www.w3.org/2001/XMLSchema-instance" xmlns:rpt="http://openoffice.org/2005/report" xmlns:of="urn:oasis:names:tc:opendocument:xmlns:of:1.2" xmlns:xhtml="http://www.w3.org/1999/xhtml" xmlns:grddl="http://www.w3.org/2003/g/data-view#" xmlns:tableooo="http://openoffice.org/2009/table" xmlns:chartooo="http://openoffice.org/2010/chart" xmlns:field="urn:openoffice:names:experimental:ooo-ms-interop:xmlns:field:1.0" office:version="1.2"><office:automatic-styles><number:number-style style:name="N0"><number:number number:min-integer-digits="1"/></number:number-style><number:number-style style:name="N2"><number:number number:decimal-places="2" number:min-integer-digits="1"/></number:number-style><style:style style:name="ch1" style:family="chart"><style:graphic-properties draw:stroke="none"/></style:style><style:style style:name="ch2" style:family="chart"><style:chart-properties chart:auto-position="true"/><style:text-properties fo:font-size="13pt" style:font-size-asian="13pt" style:font-size-complex="13pt"/></style:style><style:style style:name="ch3" style:family="chart"><style:chart-properties chart:auto-position="true"/><style:graphic-properties draw:stroke="none" svg:stroke-color="#b3b3b3" draw:fill="none" draw:fill-color="#e6e6e6"/><style:text-properties fo:font-size="10pt" style:font-size-asian="10pt" style:font-size-complex="10pt"/></style:style><style:style style:name="ch4" style:family="chart"><style:chart-properties chart:include-hidden-cells="false" chart:auto-position="true" chart:auto-size="true" chart:treat-empty-cells="leave-gap" chart:series-source="rows" chart:right-angled-axes="true"/></style:style><style:style style:name="ch5" style:family="chart" style:data-style-name="N0"><style:chart-properties chart:display-label="true" chart:logarithmic="false" chart:reverse-direction="false" text:line-break="false" chart:axis-position="0"/><style:graphic-properties svg:stroke-color="#b3b3b3"/><style:text-properties fo:font-size="10pt" style:font-size-asian="10pt" style:font-size-complex="10pt"/></style:style><style:style style:name="ch6" style:family="chart"><style:chart-properties chart:auto-position="true" style:rotation-angle="0"/><style:text-properties fo:font-size="9pt" style:font-size-asian="9pt" style:font-size-complex="9pt"/></style:style><style:style style:name="ch7" style:family="chart" style:data-style-name="N2"><style:chart-properties chart:display-label="true" chart:logarithmic="false" chart:reverse-direction="false" text:line-break="false" chart:axis-position="0"/><style:graphic-properties svg:stroke-color="#b3b3b3"/><style:text-properties fo:font-size="10pt" style:font-size-asian="10pt" style:font-size-complex="10pt"/></style:style><style:style style:name="ch8" style:family="chart"><style:chart-properties chart:auto-position="true" style:rotation-angle="90"/><style:text-properties fo:font-size="9pt" style:font-size-asian="9pt" style:font-size-complex="9pt"/></style:style><style:style style:name="ch9" style:family="chart"><style:graphic-properties svg:stroke-color="#b3b3b3"/></style:style><style:style style:name="ch10" style:family="chart" style:data-style-name="N2"><style:graphic-properties draw:stroke="none" draw:fill-color="#004586" dr3d:edge-rounding="5%"/><style:text-properties fo:font-size="10pt" style:font-size-asian="10pt" style:font-size-complex="10pt"/></style:style><style:style style:name="ch11" style:family="chart"><style:graphic-properties draw:stroke="solid" svg:stroke-color="#b3b3b3" draw:fill="none" draw:fill-color="#e6e6e6"/></style:style><style:style style:name="ch12" style:family="chart"><style:graphic-properties svg:stroke-color="#b3b3b3" draw:fill-color="#cccccc"/></style:style></office:automatic-styles><office:body><office:chart><chart:chart svg:width="15.993cm" svg:height="8.996cm" xlink:href=".." xlink:type="simple" chart:class="chart:bar" chart:style-name="ch1"><chart:title svg:x="4.023cm" svg:y="0.315cm" chart:style-name="ch2"><text:p>rythmes cardiaques après échauffement</text:p></chart:title><chart:legend chart:legend-position="end" svg:x="13.994cm" svg:y="4.186cm" style:legend-expansion="high" chart:style-name="ch3"/><chart:plot-area chart:style-name="ch4" table:cell-range-address="&apos;503 Comp.&apos;.H17:&apos;503 Comp.&apos;.N18" chart:data-source-has-labels="both" svg:x="1.357cm" svg:y="1.631cm" svg:width="11.999cm" svg:height="6.178cm"><chartooo:coordinate-region svg:x="2.455cm" svg:y="1.843cm" svg:width="10.901cm" svg:height="5.293cm"/><chart:axis chart:dimension="x" chart:name="primary-x" chart:style-name="ch5" chartooo:axis-type="auto"><chartooo:date-scale/><chart:title svg:x="4.759cm" svg:y="7.989cm" chart:style-name="ch6"><text:p>intervalles des rythmes cardiaques</text:p></chart:title><chart:categories table:cell-range-address="&apos;503 Comp.&apos;.K17:&apos;503 Comp.&apos;.N17"/></chart:axis><chart:axis chart:dimension="y" chart:name="primary-y" chart:style-name="ch7"><chart:title svg:x="0.451cm" svg:y="5.333cm" chart:style-name="ch8"><text:p>effectifs</text:p></chart:title><chart:grid chart:style-name="ch9" chart:class="major"/></chart:axis><chart:series chart:style-name="ch10" chart:values-cell-range-address="&apos;503 Comp.&apos;.K18:&apos;503 Comp.&apos;.N18" chart:label-cell-address="&apos;503 Comp.&apos;.H18:&apos;503 Comp.&apos;.J18" chart:class="chart:bar"><chart:data-point chart:repeated="4"/></chart:series><chart:wall chart:style-name="ch11"/><chart:floor chart:style-name="ch12"/></chart:plot-area><table:table table:name="local-table"><table:table-header-columns><table:table-column/></table:table-header-columns><table:table-columns><table:table-column table:number-columns-repeated="4"/></table:table-columns><table:table-header-rows><table:table-row><table:table-cell><text:p/></table:table-cell><table:table-cell office:value-type="string"><text:p>70 &lt; X &lt;=100</text:p><draw:g><svg:desc>&apos;503 Comp.&apos;.K17:&apos;503 Comp.&apos;.N17</svg:desc></draw:g></table:table-cell><table:table-cell office:value-type="string"><text:p>100 &lt; X &lt;=130</text:p></table:table-cell><table:table-cell office:value-type="string"><text:p>130 &lt; X &lt;=140</text:p></table:table-cell><table:table-cell office:value-type="string"><text:p>Total</text:p></table:table-cell></table:table-row></table:table-header-rows><table:table-rows><table:table-row><table:table-cell office:value-type="string"><text:p>Effectif</text:p><text:list><text:list-item><text:p>Effectif</text:p></text:list-item><text:list-item><text:p/></text:list-item><text:list-item><text:p/></text:list-item></text:list><draw:g><svg:desc>&apos;503 Comp.&apos;.H18:&apos;503 Comp.&apos;.J18</svg:desc></draw:g></table:table-cell><table:table-cell office:value-type="float" office:value="8"><text:p>8</text:p><draw:g><svg:desc>&apos;503 Comp.&apos;.K18:&apos;503 Comp.&apos;.N18</svg:desc></draw:g></table:table-cell><table:table-cell office:value-type="float" office:value="12"><text:p>12</text:p></table:table-cell><table:table-cell office:value-type="float" office:value="1"><text:p>1</text:p></table:table-cell><table:table-cell office:value-type="float" office:value="21"><text:p>21</text:p></table:table-cell></table:table-row></table:table-rows></table:table></chart:chart></office:chart></office:body></office:document-content>