<?xml version="1.0" encoding="UTF-8"?>
<office:document-content xmlns:office="urn:oasis:names:tc:opendocument:xmlns:office:1.0" xmlns:style="urn:oasis:names:tc:opendocument:xmlns:style:1.0" xmlns:text="urn:oasis:names:tc:opendocument:xmlns:text:1.0" xmlns:table="urn:oasis:names:tc:opendocument:xmlns:table:1.0" xmlns:draw="urn:oasis:names:tc:opendocument:xmlns:drawing:1.0" xmlns:fo="urn:oasis:names:tc:opendocument:xmlns:xsl-fo-compatible:1.0" xmlns:xlink="http://www.w3.org/1999/xlink" xmlns:dc="http://purl.org/dc/elements/1.1/" xmlns:meta="urn:oasis:names:tc:opendocument:xmlns:meta:1.0" xmlns:number="urn:oasis:names:tc:opendocument:xmlns:datastyle:1.0" xmlns:presentation="urn:oasis:names:tc:opendocument:xmlns:presentation:1.0" xmlns:svg="urn:oasis:names:tc:opendocument:xmlns:svg-compatible:1.0" xmlns:chart="urn:oasis:names:tc:opendocument:xmlns:chart:1.0" xmlns:dr3d="urn:oasis:names:tc:opendocument:xmlns:dr3d:1.0" xmlns:math="http://www.w3.org/1998/Math/MathML" xmlns:form="urn:oasis:names:tc:opendocument:xmlns:form:1.0" xmlns:script="urn:oasis:names:tc:opendocument:xmlns:script:1.0" xmlns:ooo="http://openoffice.org/2004/office" xmlns:ooow="http://openoffice.org/2004/writer" xmlns:oooc="http://openoffice.org/2004/calc" xmlns:dom="http://www.w3.org/2001/xml-events" xmlns:xforms="http://www.w3.org/2002/xforms" xmlns:xsd="http://www.w3.org/2001/XMLSchema" xmlns:xsi="http://www.w3.org/2001/XMLSchema-instance" xmlns:rpt="http://openoffice.org/2005/report" xmlns:of="urn:oasis:names:tc:opendocument:xmlns:of:1.2" xmlns:xhtml="http://www.w3.org/1999/xhtml" xmlns:grddl="http://www.w3.org/2003/g/data-view#" xmlns:tableooo="http://openoffice.org/2009/table" xmlns:field="urn:openoffice:names:experimental:ooo-ms-interop:xmlns:field:1.0" office:version="1.2"><office:scripts/><office:font-face-decls><style:font-face style:name="Arial1" svg:font-family="Arial"/><style:font-face style:name="Arial" svg:font-family="Arial" style:font-family-generic="swiss" style:font-pitch="variable"/><style:font-face style:name="Arial Unicode MS" svg:font-family="&apos;Arial Unicode MS&apos;" style:font-family-generic="system" style:font-pitch="variable"/><style:font-face style:name="Lucida Sans Unicode" svg:font-family="&apos;Lucida Sans Unicode&apos;" style:font-family-generic="system" style:font-pitch="variable"/><style:font-face style:name="SimSun" svg:font-family="SimSun" style:font-family-generic="system" style:font-pitch="variable"/><style:font-face style:name="Tahoma" svg:font-family="Tahoma" style:font-family-generic="system" style:font-pitch="variable"/></office:font-face-decls><office:automatic-styles><style:style style:name="co1" style:family="table-column"><style:table-column-properties fo:break-before="auto" style:column-width="0.914cm"/></style:style><style:style style:name="co2" style:family="table-column"><style:table-column-properties fo:break-before="auto" style:column-width="3.623cm"/></style:style><style:style style:name="co3" style:family="table-column"><style:table-column-properties fo:break-before="auto" style:column-width="2.166cm"/></style:style><style:style style:name="co4" style:family="table-column"><style:table-column-properties fo:break-before="auto" style:column-width="1.893cm"/></style:style><style:style style:name="co5" style:family="table-column"><style:table-column-properties fo:break-before="auto" style:column-width="2.644cm"/></style:style><style:style style:name="co6" style:family="table-column"><style:table-column-properties fo:break-before="auto" style:column-width="3.002cm"/></style:style><style:style style:name="co7" style:family="table-column"><style:table-column-properties fo:break-before="auto" style:column-width="1.274cm"/></style:style><style:style style:name="co8" style:family="table-column"><style:table-column-properties fo:break-before="auto" style:column-width="3.655cm"/></style:style><style:style style:name="co9" style:family="table-column"><style:table-column-properties fo:break-before="auto" style:column-width="3.036cm"/></style:style><style:style style:name="co10" style:family="table-column"><style:table-column-properties fo:break-before="auto" style:column-width="2.415cm"/></style:style><style:style style:name="co11" style:family="table-column"><style:table-column-properties fo:break-before="auto" style:column-width="2.775cm"/></style:style><style:style style:name="co12" style:family="table-column"><style:table-column-properties fo:break-before="auto" style:column-width="2.267cm"/></style:style><style:style style:name="ro1" style:family="table-row"><style:table-row-properties style:row-height="2.117cm" fo:break-before="auto" style:use-optimal-row-height="false"/></style:style><style:style style:name="ro2" style:family="table-row"><style:table-row-properties style:row-height="0.635cm" fo:break-before="auto" style:use-optimal-row-height="false"/></style:style><style:style style:name="ro3" style:family="table-row"><style:table-row-properties style:row-height="0.706cm" fo:break-before="auto" style:use-optimal-row-height="false"/></style:style><style:style style:name="ta1" style:family="table" style:master-page-name="PageStyle_5f_503_20_Comp."><style:table-properties table:display="true" style:writing-mode="lr-tb"/></style:style><number:number-style style:name="N2"><number:number number:decimal-places="2" number:min-integer-digits="1"/></number:number-style><number:percentage-style style:name="N11"><number:number number:decimal-places="2" number:min-integer-digits="1"/><number:text>%</number:text></number:percentage-style><style:style style:name="ce1" style:family="table-cell" style:parent-style-name="Default"><style:table-cell-properties style:glyph-orientation-vertical="0" fo:border-bottom="none" fo:background-color="#669ccb" style:diagonal-bl-tr="none" style:diagonal-tl-br="none" style:text-align-source="value-type" style:repeat-content="false" fo:wrap-option="no-wrap" fo:border-left="none" style:direction="ltr" fo:border-right="none" style:rotation-angle="0" style:rotation-align="none" style:shrink-to-fit="false" fo:border-top="0.035cm solid #669ccb" style:vertical-align="middle"/><style:paragraph-properties fo:margin-left="0cm" style:writing-mode="page"/><style:text-properties fo:color="#ffffff" style:text-outline="false" style:text-line-through-style="none" style:font-name="Arial1" fo:font-size="10pt" fo:font-style="normal" fo:text-shadow="none" style:text-underline-style="none" fo:font-weight="bold" style:font-size-asian="10pt" style:font-style-asian="normal" style:font-weight-asian="bold" style:font-name-complex="Arial1" style:font-size-complex="10pt" style:font-style-complex="normal" style:font-weight-complex="bold"/></style:style><style:style style:name="ce2" style:family="table-cell" style:parent-style-name="Default"><style:table-cell-properties style:glyph-orientation-vertical="0" fo:border-bottom="none" fo:background-color="#669ccb" style:diagonal-bl-tr="none" style:diagonal-tl-br="none" style:text-align-source="value-type" style:repeat-content="false" fo:wrap-option="wrap" fo:border-left="none" style:direction="ltr" fo:border-right="none" style:rotation-angle="0" style:rotation-align="none" style:shrink-to-fit="false" fo:border-top="0.035cm solid #669ccb" style:vertical-align="middle"/><style:paragraph-properties fo:margin-left="0cm" style:writing-mode="page"/><style:text-properties fo:color="#ffffff" style:text-outline="false" style:text-line-through-style="none" style:font-name="Arial1" fo:font-size="10pt" fo:font-style="normal" fo:text-shadow="none" style:text-underline-style="none" fo:font-weight="bold" style:font-size-asian="10pt" style:font-style-asian="normal" style:font-weight-asian="bold" style:font-name-complex="Arial1" style:font-size-complex="10pt" style:font-style-complex="normal" style:font-weight-complex="bold"/></style:style><style:style style:name="ce3" style:family="table-cell" style:parent-style-name="Default"><style:table-cell-properties style:glyph-orientation-vertical="0" style:text-align-source="fix" style:repeat-content="false" fo:wrap-option="no-wrap" style:direction="ltr" style:rotation-angle="0" style:rotation-align="none" style:shrink-to-fit="false" style:vertical-align="automatic"/><style:paragraph-properties fo:text-align="center" fo:margin-left="0cm" style:writing-mode="page"/></style:style><style:style style:name="ce4" style:family="table-cell" style:parent-style-name="Default"><style:table-cell-properties style:glyph-orientation-vertical="0" fo:border-bottom="none" fo:background-color="#669ccb" style:diagonal-bl-tr="none" style:diagonal-tl-br="none" style:text-align-source="value-type" style:repeat-content="false" fo:wrap-option="wrap" fo:border-left="none" style:direction="ltr" fo:border-right="0.035cm solid #669ccb" style:rotation-angle="0" style:rotation-align="none" style:shrink-to-fit="false" fo:border-top="0.035cm solid #669ccb" style:vertical-align="middle"/><style:paragraph-properties fo:margin-left="0cm" style:writing-mode="page"/><style:text-properties fo:color="#ffffff" style:text-outline="false" style:text-line-through-style="none" style:font-name="Arial1" fo:font-size="10pt" fo:font-style="normal" fo:text-shadow="none" style:text-underline-style="none" fo:font-weight="bold" style:font-size-asian="10pt" style:font-style-asian="normal" style:font-weight-asian="bold" style:font-name-complex="Arial1" style:font-size-complex="10pt" style:font-style-complex="normal" style:font-weight-complex="bold"/></style:style><style:style style:name="ce5" style:family="table-cell" style:parent-style-name="Default"><style:table-cell-properties style:glyph-orientation-vertical="0" style:text-align-source="value-type" style:repeat-content="false" fo:wrap-option="no-wrap" style:direction="ltr" style:rotation-angle="0" style:rotation-align="none" style:shrink-to-fit="false" style:vertical-align="automatic"/><style:paragraph-properties fo:margin-left="0cm" style:writing-mode="page"/></style:style><style:style style:name="ce6" style:family="table-cell" style:parent-style-name="Default"><style:text-properties style:use-window-font-color="true" style:text-outline="false" style:text-line-through-style="none" style:font-name="Arial1" fo:font-size="10pt" fo:font-style="normal" fo:text-shadow="none" style:text-underline-style="none" fo:font-weight="bold" style:font-size-asian="10pt" style:font-style-asian="normal" style:font-weight-asian="bold" style:font-name-complex="Arial1" style:font-size-complex="10pt" style:font-style-complex="normal" style:font-weight-complex="bold"/></style:style><style:style style:name="ce7" style:family="table-cell" style:parent-style-name="Default"><style:table-cell-properties style:glyph-orientation-vertical="0" fo:background-color="#669ccb" style:diagonal-bl-tr="none" style:diagonal-tl-br="none" style:text-align-source="fix" style:repeat-content="false" fo:wrap-option="wrap" fo:border="0.035cm solid #000000" style:direction="ltr" style:rotation-angle="0" style:rotation-align="none" style:shrink-to-fit="false" style:vertical-align="middle"/><style:paragraph-properties fo:text-align="center" fo:margin-left="0cm" style:writing-mode="page"/><style:text-properties fo:color="#ffffff" style:text-outline="false" style:text-line-through-style="none" style:font-name="Arial1" fo:font-size="10pt" fo:font-style="normal" fo:text-shadow="none" style:text-underline-style="none" fo:font-weight="bold" style:font-size-asian="10pt" style:font-style-asian="normal" style:font-weight-asian="bold" style:font-name-complex="Arial1" style:font-size-complex="10pt" style:font-style-complex="normal" style:font-weight-complex="bold"/></style:style><style:style style:name="ce8" style:family="table-cell" style:parent-style-name="Default"><style:table-cell-properties style:glyph-orientation-vertical="0" fo:border-bottom="0.035cm solid #000000" style:diagonal-bl-tr="none" style:diagonal-tl-br="none" style:text-align-source="fix" style:repeat-content="false" fo:wrap-option="no-wrap" fo:border-left="0.035cm solid #000000" style:direction="ltr" fo:border-right="0.035cm solid #000000" style:rotation-angle="0" style:rotation-align="none" style:shrink-to-fit="false" fo:border-top="none" style:vertical-align="middle"/><style:paragraph-properties fo:text-align="center" fo:margin-left="0cm" style:writing-mode="page"/><style:text-properties fo:color="#000000" style:text-outline="false" style:text-line-through-style="none" style:font-name="Arial1" fo:font-size="10pt" fo:font-style="normal" fo:text-shadow="none" style:text-underline-style="none" fo:font-weight="normal" style:font-size-asian="10pt" style:font-style-asian="normal" style:font-weight-asian="normal" style:font-name-complex="Arial1" style:font-size-complex="10pt" style:font-style-complex="normal" style:font-weight-complex="normal"/></style:style><style:style style:name="ce9" style:family="table-cell" style:parent-style-name="Default"><style:table-cell-properties style:glyph-orientation-vertical="0" fo:border-bottom="0.035cm solid #000000" fo:background-color="#f5f5f5" style:diagonal-bl-tr="none" style:diagonal-tl-br="none" style:text-align-source="fix" style:repeat-content="false" fo:wrap-option="no-wrap" fo:border-left="0.035cm solid #000000" style:direction="ltr" fo:border-right="0.035cm solid #000000" style:rotation-angle="0" style:rotation-align="none" style:shrink-to-fit="false" fo:border-top="none" style:vertical-align="middle"/><style:paragraph-properties fo:text-align="center" fo:margin-left="0cm" style:writing-mode="page"/><style:text-properties fo:color="#000000" style:text-outline="false" style:text-line-through-style="none" style:font-name="Arial1" fo:font-size="10pt" fo:font-style="normal" fo:text-shadow="none" style:text-underline-style="none" fo:font-weight="normal" style:font-size-asian="10pt" style:font-style-asian="normal" style:font-weight-asian="normal" style:font-name-complex="Arial1" style:font-size-complex="10pt" style:font-style-complex="normal" style:font-weight-complex="normal"/></style:style><style:style style:name="ce10" style:family="table-cell" style:parent-style-name="Default"><style:table-cell-properties style:glyph-orientation-vertical="0" fo:border-bottom="0.035cm solid #000000" style:diagonal-bl-tr="none" style:diagonal-tl-br="none" style:text-align-source="fix" style:repeat-content="false" fo:wrap-option="no-wrap" fo:border-left="0.035cm solid #000000" style:direction="ltr" fo:border-right="0.035cm solid #000000" style:rotation-angle="0" style:rotation-align="none" style:shrink-to-fit="false" fo:border-top="none" style:vertical-align="automatic"/><style:paragraph-properties fo:text-align="center" fo:margin-left="0cm" style:writing-mode="page"/></style:style><style:style style:name="ce11" style:family="table-cell" style:parent-style-name="Default"><style:table-cell-properties style:glyph-orientation-vertical="0" fo:border-bottom="0.035cm solid #000000" fo:background-color="#669ccb" style:diagonal-bl-tr="none" style:diagonal-tl-br="none" style:text-align-source="fix" style:repeat-content="false" fo:wrap-option="wrap" fo:border-left="0.035cm solid #000000" style:direction="ltr" fo:border-right="0.035cm solid #000000" style:rotation-angle="0" style:rotation-align="none" style:shrink-to-fit="false" fo:border-top="0.035cm solid #669ccb" style:vertical-align="middle"/><style:paragraph-properties fo:text-align="center" fo:margin-left="0cm" style:writing-mode="page"/><style:text-properties fo:color="#ffffff" style:text-outline="false" style:text-line-through-style="none" style:font-name="Arial1" fo:font-size="10pt" fo:font-style="normal" fo:text-shadow="none" style:text-underline-style="none" fo:font-weight="bold" style:font-size-asian="10pt" style:font-style-asian="normal" style:font-weight-asian="bold" style:font-name-complex="Arial1" style:font-size-complex="10pt" style:font-style-complex="normal" style:font-weight-complex="bold"/></style:style><style:style style:name="ce12" style:family="table-cell" style:parent-style-name="Default"><style:table-cell-properties style:glyph-orientation-vertical="0" fo:border-bottom="0.035cm solid #000000" style:diagonal-bl-tr="none" style:diagonal-tl-br="none" style:text-align-source="fix" style:repeat-content="false" fo:wrap-option="wrap" fo:border-left="0.035cm solid #000000" style:direction="ltr" fo:border-right="0.035cm solid #000000" style:rotation-angle="0" style:rotation-align="none" style:shrink-to-fit="false" fo:border-top="none" style:vertical-align="middle"/><style:paragraph-properties fo:text-align="start" fo:margin-left="0cm" style:writing-mode="page"/></style:style><style:style style:name="ce13" style:family="table-cell" style:parent-style-name="Default"><style:table-cell-properties style:glyph-orientation-vertical="0" fo:border-bottom="0.035cm solid #000000" fo:background-color="#f5f5f5" style:diagonal-bl-tr="none" style:diagonal-tl-br="none" style:text-align-source="fix" style:repeat-content="false" fo:wrap-option="no-wrap" fo:border-left="none" style:direction="ltr" fo:border-right="0.035cm solid #000000" style:rotation-angle="0" style:rotation-align="none" style:shrink-to-fit="false" fo:border-top="0.035cm solid #000000" style:vertical-align="middle"/><style:paragraph-properties fo:text-align="center" fo:margin-left="0cm" style:writing-mode="page"/><style:text-properties fo:color="#000000" style:text-outline="false" style:text-line-through-style="none" style:font-name="Arial1" fo:font-size="10pt" fo:font-style="normal" fo:text-shadow="none" style:text-underline-style="none" fo:font-weight="normal" style:font-size-asian="10pt" style:font-style-asian="normal" style:font-weight-asian="normal" style:font-name-complex="Arial1" style:font-size-complex="10pt" style:font-style-complex="normal" style:font-weight-complex="normal"/></style:style><style:style style:name="ce14" style:family="table-cell" style:parent-style-name="Default" style:data-style-name="N2"><style:table-cell-properties style:glyph-orientation-vertical="0" fo:border-bottom="0.035cm solid #000000" style:diagonal-bl-tr="none" style:diagonal-tl-br="none" style:text-align-source="fix" style:repeat-content="false" fo:wrap-option="no-wrap" fo:border-left="none" style:direction="ltr" fo:border-right="0.035cm solid #000000" style:rotation-angle="0" style:rotation-align="none" style:shrink-to-fit="false" fo:border-top="none" style:vertical-align="middle"/><style:paragraph-properties fo:text-align="center" fo:margin-left="0cm" style:writing-mode="page"/><style:text-properties fo:color="#000000" style:text-outline="false" style:text-line-through-style="none" style:font-name="Arial1" fo:font-size="10pt" fo:font-style="normal" fo:text-shadow="none" style:text-underline-style="none" fo:font-weight="normal" style:font-size-asian="10pt" style:font-style-asian="normal" style:font-weight-asian="normal" style:font-name-complex="Arial1" style:font-size-complex="10pt" style:font-style-complex="normal" style:font-weight-complex="normal"/></style:style><style:style style:name="ce15" style:family="table-cell" style:parent-style-name="Default" style:data-style-name="N2"><style:table-cell-properties style:glyph-orientation-vertical="0" fo:border-bottom="0.035cm solid #000000" fo:background-color="#f5f5f5" style:diagonal-bl-tr="none" style:diagonal-tl-br="none" style:text-align-source="fix" style:repeat-content="false" fo:wrap-option="no-wrap" fo:border-left="none" style:direction="ltr" fo:border-right="0.035cm solid #000000" style:rotation-angle="0" style:rotation-align="none" style:shrink-to-fit="false" fo:border-top="none" style:vertical-align="middle"/><style:paragraph-properties fo:text-align="center" fo:margin-left="0cm" style:writing-mode="page"/><style:text-properties fo:color="#000000" style:text-outline="false" style:text-line-through-style="none" style:font-name="Arial1" fo:font-size="10pt" fo:font-style="normal" fo:text-shadow="none" style:text-underline-style="none" fo:font-weight="normal" style:font-size-asian="10pt" style:font-style-asian="normal" style:font-weight-asian="normal" style:font-name-complex="Arial1" style:font-size-complex="10pt" style:font-style-complex="normal" style:font-weight-complex="normal"/></style:style><style:style style:name="ce16" style:family="table-cell" style:parent-style-name="Default" style:data-style-name="N11"><style:table-cell-properties fo:border-bottom="0.035cm solid #000000" style:diagonal-bl-tr="none" style:diagonal-tl-br="none" fo:border-left="none" fo:border-right="0.035cm solid #000000" style:rotation-align="none" fo:border-top="none"/></style:style><style:style style:name="ce17" style:family="table-cell" style:parent-style-name="Default" style:data-style-name="N2"><style:table-cell-properties fo:border-bottom="0.035cm solid #000000" style:diagonal-bl-tr="none" style:diagonal-tl-br="none" fo:border-left="none" fo:border-right="0.035cm solid #000000" style:rotation-align="none" fo:border-top="none"/></style:style><style:style style:name="ce18" style:family="table-cell" style:parent-style-name="Default"><style:table-cell-properties style:glyph-orientation-vertical="0" fo:border-bottom="0.035cm solid #000000" fo:background-color="#669ccb" style:diagonal-bl-tr="none" style:diagonal-tl-br="none" style:text-align-source="fix" style:repeat-content="false" fo:wrap-option="wrap" fo:border-left="none" style:direction="ltr" fo:border-right="0.035cm solid #000000" style:rotation-angle="0" style:rotation-align="none" style:shrink-to-fit="false" fo:border-top="0.035cm solid #669ccb" style:vertical-align="middle"/><style:paragraph-properties fo:text-align="start" fo:margin-left="0cm" style:writing-mode="page"/><style:text-properties fo:color="#ffffff" style:text-outline="false" style:text-line-through-style="none" style:font-name="Arial1" fo:font-size="10pt" fo:font-style="normal" fo:text-shadow="none" style:text-underline-style="none" fo:font-weight="bold" style:font-size-asian="10pt" style:font-style-asian="normal" style:font-weight-asian="bold" style:font-name-complex="Arial1" style:font-size-complex="10pt" style:font-style-complex="normal" style:font-weight-complex="bold"/></style:style><style:style style:name="ce19" style:family="table-cell" style:parent-style-name="Default"><style:table-cell-properties style:glyph-orientation-vertical="0" fo:border-bottom="0.035cm solid #000000" style:diagonal-bl-tr="none" style:diagonal-tl-br="none" style:text-align-source="fix" style:repeat-content="false" fo:wrap-option="wrap" fo:border-left="none" style:direction="ltr" fo:border-right="0.035cm solid #000000" style:rotation-angle="0" style:rotation-align="none" style:shrink-to-fit="false" fo:border-top="none" style:vertical-align="middle"/><style:paragraph-properties fo:text-align="center" fo:margin-left="0cm" style:writing-mode="page"/></style:style><style:style style:name="ce20" style:family="table-cell" style:parent-style-name="Default" style:data-style-name="N11"><style:table-cell-properties style:glyph-orientation-vertical="0" fo:border-bottom="0.035cm solid #000000" style:diagonal-bl-tr="none" style:diagonal-tl-br="none" style:text-align-source="fix" style:repeat-content="false" fo:wrap-option="no-wrap" fo:border-left="none" style:direction="ltr" fo:border-right="0.035cm solid #000000" style:rotation-angle="0" style:rotation-align="none" style:shrink-to-fit="false" fo:border-top="none" style:vertical-align="middle"/><style:paragraph-properties fo:text-align="center" fo:margin-left="0cm" style:writing-mode="page"/><style:text-properties fo:color="#000000" style:text-outline="false" style:text-line-through-style="none" style:font-name="Arial1" fo:font-size="10pt" fo:font-style="normal" fo:text-shadow="none" style:text-underline-style="none" fo:font-weight="normal" style:font-size-asian="10pt" style:font-style-asian="normal" style:font-weight-asian="normal" style:font-name-complex="Arial1" style:font-size-complex="10pt" style:font-style-complex="normal" style:font-weight-complex="normal"/></style:style><style:style style:name="gr1" style:family="graphic"><style:graphic-properties draw:stroke="none" draw:fill="none" draw:textarea-horizontal-align="center" draw:textarea-vertical-align="middle" draw:ole-draw-aspect="1"/></style:style><style:style style:name="P1" style:family="paragraph"><style:paragraph-properties fo:text-align="center"/></style:style></office:automatic-styles><office:body><office:spreadsheet><table:calculation-settings table:case-sensitive="false" table:automatic-find-labels="false" table:use-regular-expressions="false"/><table:table table:name="503 Comp." table:style-name="ta1" table:print="false"><office:forms form:automatic-focus="false" form:apply-design-mode="false"/><table:table-column table:style-name="co1" table:default-cell-style-name="Default"/><table:table-column table:style-name="co2" table:default-cell-style-name="Default"/><table:table-column table:style-name="co3" table:default-cell-style-name="Default"/><table:table-column table:style-name="co4" table:default-cell-style-name="ce3"/><table:table-column table:style-name="co5" table:default-cell-style-name="ce3"/><table:table-column table:style-name="co6" table:default-cell-style-name="ce3"/><table:table-column table:style-name="co7" table:default-cell-style-name="Default"/><table:table-column table:style-name="co8" table:default-cell-style-name="Default"/><table:table-column table:style-name="co9" table:number-columns-repeated="2" table:default-cell-style-name="Default"/><table:table-column table:style-name="co10" table:number-columns-repeated="3" table:default-cell-style-name="Default"/><table:table-column table:style-name="co11" table:default-cell-style-name="Default"/><table:table-column table:style-name="co3" table:number-columns-repeated="242" table:default-cell-style-name="Default"/><table:table-row table:style-name="ro1"><table:table-cell table:style-name="ce1" office:value-type="string"><text:p>Fg</text:p></table:table-cell><table:table-cell table:style-name="ce1" office:value-type="string"><text:p>Nom</text:p></table:table-cell><table:table-cell table:style-name="ce1" office:value-type="string"><text:p>Prénom</text:p></table:table-cell><table:table-cell table:style-name="ce2" office:value-type="string"><text:p>Rythme cardiaque au repos</text:p></table:table-cell><table:table-cell table:style-name="ce4" office:value-type="string"><text:p>Rythme cardiaque après l&apos;échauffement</text:p></table:table-cell><table:table-cell table:style-name="ce4" office:value-type="string"><text:p>Rythme cardiaque à la fin du match</text:p></table:table-cell><table:table-cell/><table:table-cell table:style-name="ce6" office:value-type="string"><text:p>TRAVAIL A REALISER:</text:p></table:table-cell><table:table-cell table:number-columns-repeated="248"/></table:table-row><table:table-row table:style-name="ro2"><table:table-cell office:value-type="string"><text:p>F</text:p></table:table-cell><table:table-cell office:value-type="string"><text:p>ABOH-BOIS </text:p></table:table-cell><table:table-cell office:value-type="string"><text:p>Oceane </text:p></table:table-cell><table:table-cell office:value-type="float" office:value="62"><text:p>62</text:p></table:table-cell><table:table-cell office:value-type="float" office:value="195"><text:p>195</text:p></table:table-cell><table:table-cell office:value-type="float" office:value="249"><text:p>249</text:p></table:table-cell><table:table-cell/><table:table-cell office:value-type="string"><text:p>Le tableau de gauche représente le rythme cardiaque des éléves avant et après l&apos;échauffement.</text:p></table:table-cell><table:table-cell table:number-columns-repeated="248"/></table:table-row><table:table-row table:style-name="ro2"><table:table-cell office:value-type="string"><text:p>F</text:p></table:table-cell><table:table-cell office:value-type="string"><text:p>AUDUBERT</text:p></table:table-cell><table:table-cell office:value-type="string"><text:p>Coralie</text:p></table:table-cell><table:table-cell table:number-columns-repeated="3"/><table:table-cell table:style-name="ce5"/><table:table-cell office:value-type="string"><text:p>On se propose d&apos;étudier cette série statistique afin de pouvoir l&apos;exploiter par les SVT.</text:p></table:table-cell><table:table-cell table:number-columns-repeated="248"/></table:table-row><table:table-row table:style-name="ro2"><table:table-cell office:value-type="string"><text:p>F</text:p></table:table-cell><table:table-cell office:value-type="string"><text:p>BERRET</text:p></table:table-cell><table:table-cell office:value-type="string"><text:p>Cecilia</text:p></table:table-cell><table:table-cell office:value-type="float" office:value="46"><text:p>46</text:p></table:table-cell><table:table-cell office:value-type="float" office:value="210"><text:p>210</text:p></table:table-cell><table:table-cell office:value-type="float" office:value="360"><text:p>360</text:p></table:table-cell><table:table-cell/><table:table-cell office:value-type="string"><text:p>1) Renseigner les effectifs dans les 2 tableaux suivants pour chacuns des intervalles </text:p></table:table-cell><table:table-cell table:number-columns-repeated="248"/></table:table-row><table:table-row table:style-name="ro2"><table:table-cell office:value-type="string"><text:p>F</text:p></table:table-cell><table:table-cell office:value-type="string"><text:p>BOUSSAGUET</text:p></table:table-cell><table:table-cell office:value-type="string"><text:p>Capucine</text:p></table:table-cell><table:table-cell office:value-type="float" office:value="52"><text:p>52</text:p></table:table-cell><table:table-cell office:value-type="float" office:value="100"><text:p>100</text:p></table:table-cell><table:table-cell office:value-type="float" office:value="109"><text:p>109</text:p></table:table-cell><table:table-cell/><table:table-cell office:value-type="string"><text:p>2) Calculer à l&apos;aide de la fonction SOMME() le total des effectifs </text:p></table:table-cell><table:table-cell table:number-columns-repeated="248"/></table:table-row><table:table-row table:style-name="ro2"><table:table-cell office:value-type="string"><text:p>F</text:p></table:table-cell><table:table-cell office:value-type="string"><text:p>CHAMPEAU EL ALAMI</text:p></table:table-cell><table:table-cell office:value-type="string"><text:p>Soumeya</text:p></table:table-cell><table:table-cell table:number-columns-repeated="4"/><table:table-cell office:value-type="string"><text:p>3) Calculer la fréquence dans chacun des intervalles (Que remarquez vous pour le total des fréquences)</text:p></table:table-cell><table:table-cell table:number-columns-repeated="248"/></table:table-row><table:table-row table:style-name="ro2"><table:table-cell office:value-type="string"><text:p>F</text:p></table:table-cell><table:table-cell office:value-type="string"><text:p>CHIGNAGUET</text:p></table:table-cell><table:table-cell office:value-type="string"><text:p>Anna</text:p></table:table-cell><table:table-cell office:value-type="float" office:value="63"><text:p>63</text:p></table:table-cell><table:table-cell office:value-type="float" office:value="100"><text:p>100</text:p></table:table-cell><table:table-cell office:value-type="float" office:value="143"><text:p>143</text:p></table:table-cell><table:table-cell/><table:table-cell office:value-type="string"><text:p>4) Calculer la fréquence en pourcentage.</text:p></table:table-cell><table:table-cell table:number-columns-repeated="248"/></table:table-row><table:table-row table:style-name="ro2"><table:table-cell office:value-type="string"><text:p>F</text:p></table:table-cell><table:table-cell office:value-type="string"><text:p>DESPONS</text:p></table:table-cell><table:table-cell office:value-type="string"><text:p>Gladys</text:p></table:table-cell><table:table-cell office:value-type="float" office:value="84"><text:p>84</text:p></table:table-cell><table:table-cell office:value-type="float" office:value="103"><text:p>103</text:p></table:table-cell><table:table-cell office:value-type="string"><text:p>RIEN</text:p></table:table-cell><table:table-cell/><table:table-cell office:value-type="string"><text:p>5) Répresenter graphiquement à l&apos;aide d&apos;un histogramme les intervalles en fonction des effectifs </text:p></table:table-cell><table:table-cell table:number-columns-repeated="248"/></table:table-row><table:table-row table:style-name="ro2"><table:table-cell office:value-type="string"><text:p>F</text:p></table:table-cell><table:table-cell office:value-type="string"><text:p>GLAZER</text:p></table:table-cell><table:table-cell office:value-type="string"><text:p>Toucayana</text:p></table:table-cell><table:table-cell office:value-type="float" office:value="92"><text:p>92</text:p></table:table-cell><table:table-cell office:value-type="float" office:value="143"><text:p>143</text:p></table:table-cell><table:table-cell office:value-type="float" office:value="92"><text:p>92</text:p></table:table-cell><table:table-cell/><table:table-cell office:value-type="string"><text:p>6) Calculer à l&apos;aide la fonction MOYENNE() la moyenne du rythme cardiaque pour les filles, les garçons puis pour la classe</text:p></table:table-cell><table:table-cell table:number-columns-repeated="248"/></table:table-row><table:table-row table:style-name="ro2"><table:table-cell office:value-type="string"><text:p>F</text:p></table:table-cell><table:table-cell office:value-type="string"><text:p>GUINARD- -DUBUS</text:p></table:table-cell><table:table-cell office:value-type="string"><text:p>Anaëlle</text:p></table:table-cell><table:table-cell office:value-type="float" office:value="55"><text:p>55</text:p></table:table-cell><table:table-cell office:value-type="float" office:value="123"><text:p>123</text:p></table:table-cell><table:table-cell office:value-type="float" office:value="97"><text:p>97</text:p></table:table-cell><table:table-cell table:number-columns-repeated="250"/></table:table-row><table:table-row table:style-name="ro2"><table:table-cell office:value-type="string"><text:p>F</text:p></table:table-cell><table:table-cell office:value-type="string"><text:p>ISMAILI</text:p></table:table-cell><table:table-cell office:value-type="string"><text:p>Taha</text:p></table:table-cell><table:table-cell office:value-type="float" office:value="47"><text:p>47</text:p></table:table-cell><table:table-cell office:value-type="float" office:value="109"><text:p>109</text:p></table:table-cell><table:table-cell office:value-type="float" office:value="86"><text:p>86</text:p></table:table-cell><table:table-cell/><table:table-cell table:style-name="ce7" office:value-type="string"><text:p>AU REPOS</text:p></table:table-cell><table:table-cell table:style-name="ce13" office:value-type="string"><text:p>30 &lt; X &lt;=50</text:p></table:table-cell><table:table-cell table:style-name="ce13" office:value-type="string"><text:p>50 &lt; X &lt;=70</text:p></table:table-cell><table:table-cell table:style-name="ce13" office:value-type="string"><text:p>70 &lt; X &lt;=100</text:p></table:table-cell><table:table-cell table:style-name="ce13" office:value-type="string"><text:p>100 &lt; X &lt;=130</text:p></table:table-cell><table:table-cell table:style-name="ce13" office:value-type="string"><text:p>130 &lt; X &lt;=140</text:p></table:table-cell><table:table-cell table:style-name="ce13" office:value-type="string"><text:p>Total</text:p></table:table-cell><table:table-cell table:number-columns-repeated="242"/></table:table-row><table:table-row table:style-name="ro2"><table:table-cell office:value-type="string"><text:p>F</text:p></table:table-cell><table:table-cell office:value-type="string"><text:p>PERROY</text:p></table:table-cell><table:table-cell office:value-type="string"><text:p>Mathilde</text:p></table:table-cell><table:table-cell office:value-type="float" office:value="75"><text:p>75</text:p></table:table-cell><table:table-cell office:value-type="float" office:value="140"><text:p>140</text:p></table:table-cell><table:table-cell office:value-type="float" office:value="310"><text:p>310</text:p></table:table-cell><table:table-cell/><table:table-cell table:style-name="ce8" office:value-type="string"><text:p>Effectif</text:p></table:table-cell><table:table-cell table:style-name="ce14" office:value-type="float" office:value="9"><text:p>9,00</text:p></table:table-cell><table:table-cell table:style-name="ce14" office:value-type="float" office:value="11"><text:p>11,00</text:p></table:table-cell><table:table-cell table:style-name="ce14" office:value-type="float" office:value="6"><text:p>6,00</text:p></table:table-cell><table:table-cell table:style-name="ce14" table:number-columns-repeated="2"/><table:table-cell table:style-name="ce14" table:formula="of:=SUM([.I12:.M12])" office:value-type="float" office:value="26"><text:p>26,00</text:p></table:table-cell><table:table-cell table:number-columns-repeated="242"/></table:table-row><table:table-row table:style-name="ro2"><table:table-cell office:value-type="string"><text:p>F</text:p></table:table-cell><table:table-cell office:value-type="string"><text:p>PINO</text:p></table:table-cell><table:table-cell office:value-type="string"><text:p>Clotilde</text:p></table:table-cell><table:table-cell office:value-type="float" office:value="68"><text:p>68</text:p></table:table-cell><table:table-cell office:value-type="float" office:value="110"><text:p>110</text:p></table:table-cell><table:table-cell office:value-type="float" office:value="320"><text:p>320</text:p></table:table-cell><table:table-cell/><table:table-cell table:style-name="ce9" office:value-type="string"><text:p>Fréquence</text:p></table:table-cell><table:table-cell table:style-name="ce15" office:value-type="float" office:value="0.346"><text:p>0,35</text:p></table:table-cell><table:table-cell table:style-name="ce15" office:value-type="float" office:value="0.42"><text:p>0,42</text:p></table:table-cell><table:table-cell table:style-name="ce15" office:value-type="float" office:value="0.23"><text:p>0,23</text:p></table:table-cell><table:table-cell table:style-name="ce15" table:number-columns-repeated="2"/><table:table-cell table:style-name="ce14" table:formula="of:=SUM([.I13:.M13])" office:value-type="float" office:value="0.996"><text:p>1,00</text:p></table:table-cell><table:table-cell table:number-columns-repeated="242"/></table:table-row><table:table-row table:style-name="ro2"><table:table-cell office:value-type="string"><text:p>F</text:p></table:table-cell><table:table-cell office:value-type="string"><text:p>RODRIGUES DE AMORIN</text:p></table:table-cell><table:table-cell office:value-type="string"><text:p>Leylou</text:p></table:table-cell><table:table-cell office:value-type="float" office:value="90"><text:p>90</text:p></table:table-cell><table:table-cell office:value-type="float" office:value="180"><text:p>180</text:p></table:table-cell><table:table-cell office:value-type="float" office:value="83"><text:p>83</text:p></table:table-cell><table:table-cell/><table:table-cell table:style-name="ce10" office:value-type="string"><text:p>Fréquence en %</text:p></table:table-cell><table:table-cell table:style-name="ce16" office:value-type="percentage" office:value="0.35"><text:p>35,00%</text:p></table:table-cell><table:table-cell table:style-name="ce16" office:value-type="percentage" office:value="0.42"><text:p>42,00%</text:p></table:table-cell><table:table-cell table:style-name="ce16" office:value-type="percentage" office:value="0.23"><text:p>23,00%</text:p></table:table-cell><table:table-cell table:style-name="ce17" table:number-columns-repeated="2"/><table:table-cell table:style-name="ce20" table:formula="of:=SUM([.I14:.M14])" office:value-type="percentage" office:value="1"><text:p>100,00%</text:p></table:table-cell><table:table-cell table:number-columns-repeated="242"/></table:table-row><table:table-row table:style-name="ro2"><table:table-cell office:value-type="string"><text:p>G</text:p></table:table-cell><table:table-cell office:value-type="string"><text:p>AUZARD</text:p></table:table-cell><table:table-cell office:value-type="string"><text:p>Victor</text:p></table:table-cell><table:table-cell office:value-type="float" office:value="55"><text:p>55</text:p></table:table-cell><table:table-cell office:value-type="float" office:value="83"><text:p>83</text:p></table:table-cell><table:table-cell office:value-type="float" office:value="50"><text:p>50</text:p></table:table-cell><table:table-cell table:number-columns-repeated="250"/></table:table-row><table:table-row table:style-name="ro2"><table:table-cell office:value-type="string"><text:p>G</text:p></table:table-cell><table:table-cell office:value-type="string"><text:p>BLANCHARD</text:p></table:table-cell><table:table-cell office:value-type="string"><text:p>Jules</text:p></table:table-cell><table:table-cell office:value-type="float" office:value="43"><text:p>43</text:p></table:table-cell><table:table-cell office:value-type="float" office:value="114"><text:p>114</text:p></table:table-cell><table:table-cell office:value-type="float" office:value="100"><text:p>100</text:p></table:table-cell><table:table-cell table:number-columns-repeated="250"/></table:table-row><table:table-row table:style-name="ro2"><table:table-cell office:value-type="string"><text:p>G</text:p></table:table-cell><table:table-cell office:value-type="string"><text:p>BOCK</text:p></table:table-cell><table:table-cell office:value-type="string"><text:p>Carl</text:p></table:table-cell><table:table-cell office:value-type="float" office:value="85"><text:p>85</text:p></table:table-cell><table:table-cell office:value-type="float" office:value="102"><text:p>102</text:p></table:table-cell><table:table-cell office:value-type="float" office:value="114"><text:p>114</text:p></table:table-cell><table:table-cell/><table:table-cell table:style-name="ce7" office:value-type="string"><text:p>APRES</text:p></table:table-cell><table:table-cell table:style-name="ce13" office:value-type="string"><text:p>30 &lt; X &lt;=50</text:p></table:table-cell><table:table-cell table:style-name="ce13" office:value-type="string"><text:p>50 &lt; X &lt;=70</text:p></table:table-cell><table:table-cell table:style-name="ce13" office:value-type="string"><text:p>70 &lt; X &lt;=100</text:p></table:table-cell><table:table-cell table:style-name="ce13" office:value-type="string"><text:p>100 &lt; X &lt;=130</text:p></table:table-cell><table:table-cell table:style-name="ce13" office:value-type="string"><text:p>130 &lt; X &lt;=140</text:p></table:table-cell><table:table-cell table:style-name="ce13" office:value-type="string"><text:p>Total</text:p></table:table-cell><table:table-cell table:number-columns-repeated="242"/></table:table-row><table:table-row table:style-name="ro2"><table:table-cell office:value-type="string"><text:p>G</text:p></table:table-cell><table:table-cell office:value-type="string"><text:p>BRANCO</text:p></table:table-cell><table:table-cell office:value-type="string"><text:p>Lucas</text:p></table:table-cell><table:table-cell office:value-type="float" office:value="48"><text:p>48</text:p></table:table-cell><table:table-cell office:value-type="float" office:value="145"><text:p>145</text:p></table:table-cell><table:table-cell office:value-type="float" office:value="107"><text:p>107</text:p></table:table-cell><table:table-cell/><table:table-cell table:style-name="ce8" office:value-type="string"><text:p>Effectif</text:p></table:table-cell><table:table-cell table:style-name="ce14" table:number-columns-repeated="2"/><table:table-cell table:style-name="ce14" office:value-type="float" office:value="8"><text:p>8,00</text:p></table:table-cell><table:table-cell table:style-name="ce14" office:value-type="float" office:value="12"><text:p>12,00</text:p></table:table-cell><table:table-cell table:style-name="ce14" office:value-type="float" office:value="1"><text:p>1,00</text:p></table:table-cell><table:table-cell table:style-name="ce14" table:formula="of:=SUM([.K18:.M18])" office:value-type="float" office:value="21"><text:p>21,00</text:p></table:table-cell><table:table-cell table:number-columns-repeated="242"/></table:table-row><table:table-row table:style-name="ro2"><table:table-cell office:value-type="string"><text:p>G</text:p></table:table-cell><table:table-cell office:value-type="string"><text:p>EPOUPA</text:p></table:table-cell><table:table-cell office:value-type="string"><text:p>Nawal</text:p></table:table-cell><table:table-cell office:value-type="float" office:value="70"><text:p>70</text:p></table:table-cell><table:table-cell office:value-type="float" office:value="90"><text:p>90</text:p></table:table-cell><table:table-cell office:value-type="float" office:value="50"><text:p>50</text:p></table:table-cell><table:table-cell/><table:table-cell table:style-name="ce9" office:value-type="string"><text:p>Fréquence</text:p></table:table-cell><table:table-cell table:style-name="ce15" table:number-columns-repeated="2"/><table:table-cell table:style-name="ce15" office:value-type="float" office:value="0.38"><text:p>0,38</text:p></table:table-cell><table:table-cell table:style-name="ce15" office:value-type="float" office:value="0.57"><text:p>0,57</text:p></table:table-cell><table:table-cell table:style-name="ce15" office:value-type="float" office:value="0.047"><text:p>0,05</text:p></table:table-cell><table:table-cell table:style-name="ce15" table:formula="of:=SUM([.K19:.M19])" office:value-type="float" office:value="0.997"><text:p>1,00</text:p></table:table-cell><table:table-cell table:number-columns-repeated="242"/></table:table-row><table:table-row table:style-name="ro2"><table:table-cell office:value-type="string"><text:p>G</text:p></table:table-cell><table:table-cell office:value-type="string"><text:p>FINOEL</text:p></table:table-cell><table:table-cell office:value-type="string"><text:p>Enzo</text:p></table:table-cell><table:table-cell office:value-type="float" office:value="62"><text:p>62</text:p></table:table-cell><table:table-cell office:value-type="float" office:value="118"><text:p>118</text:p></table:table-cell><table:table-cell office:value-type="string"><text:p>RIEN</text:p></table:table-cell><table:table-cell/><table:table-cell table:style-name="ce10" office:value-type="string"><text:p>Fréquence en %</text:p></table:table-cell><table:table-cell table:style-name="ce17" table:number-columns-repeated="2"/><table:table-cell table:style-name="ce16" office:value-type="percentage" office:value="0.38"><text:p>38,00%</text:p></table:table-cell><table:table-cell table:style-name="ce16" office:value-type="percentage" office:value="0.57"><text:p>57,00%</text:p></table:table-cell><table:table-cell table:style-name="ce16" office:value-type="percentage" office:value="0.05"><text:p>5,00%</text:p></table:table-cell><table:table-cell table:style-name="ce16" table:formula="of:=SUM([.K20:.M20])" office:value-type="percentage" office:value="1"><text:p>100,00%</text:p></table:table-cell><table:table-cell table:number-columns-repeated="242"/></table:table-row><table:table-row table:style-name="ro2"><table:table-cell office:value-type="string"><text:p>G</text:p></table:table-cell><table:table-cell office:value-type="string"><text:p>FREIDA</text:p></table:table-cell><table:table-cell office:value-type="string"><text:p>Tom</text:p></table:table-cell><table:table-cell office:value-type="float" office:value="46"><text:p>46</text:p></table:table-cell><table:table-cell office:value-type="float" office:value="128"><text:p>128</text:p></table:table-cell><table:table-cell office:value-type="float" office:value="47"><text:p>47</text:p></table:table-cell><table:table-cell table:number-columns-repeated="250"/></table:table-row><table:table-row table:style-name="ro2"><table:table-cell office:value-type="string"><text:p>G</text:p></table:table-cell><table:table-cell office:value-type="string"><text:p>GUYOT</text:p></table:table-cell><table:table-cell office:value-type="string"><text:p>Nael</text:p></table:table-cell><table:table-cell office:value-type="float" office:value="44"><text:p>44</text:p></table:table-cell><table:table-cell office:value-type="float" office:value="81"><text:p>81</text:p></table:table-cell><table:table-cell office:value-type="float" office:value="51"><text:p>51</text:p></table:table-cell><table:table-cell table:number-columns-repeated="250"/></table:table-row><table:table-row table:style-name="ro2"><table:table-cell office:value-type="string"><text:p>G</text:p></table:table-cell><table:table-cell office:value-type="string"><text:p>HADDAD</text:p></table:table-cell><table:table-cell office:value-type="string"><text:p>Isaac</text:p></table:table-cell><table:table-cell office:value-type="float" office:value="47"><text:p>47</text:p></table:table-cell><table:table-cell office:value-type="float" office:value="151"><text:p>151</text:p></table:table-cell><table:table-cell office:value-type="float" office:value="46"><text:p>46</text:p></table:table-cell><table:table-cell table:number-columns-repeated="250"/></table:table-row><table:table-row table:style-name="ro2"><table:table-cell office:value-type="string"><text:p>G</text:p></table:table-cell><table:table-cell office:value-type="string"><text:p>LAFARGUE</text:p></table:table-cell><table:table-cell office:value-type="string"><text:p>Thomas</text:p></table:table-cell><table:table-cell office:value-type="float" office:value="66"><text:p>66</text:p></table:table-cell><table:table-cell office:value-type="float" office:value="114"><text:p>114</text:p></table:table-cell><table:table-cell office:value-type="float" office:value="68"><text:p>68</text:p></table:table-cell><table:table-cell/><table:table-cell table:style-name="ce11" office:value-type="string"><text:p>MOYENNE</text:p></table:table-cell><table:table-cell table:style-name="ce18" office:value-type="string"><text:p>Au repos </text:p></table:table-cell><table:table-cell table:style-name="ce18" office:value-type="string"><text:p>Après échauffement</text:p></table:table-cell><table:table-cell table:number-columns-repeated="246"/></table:table-row><table:table-row table:style-name="ro2"><table:table-cell office:value-type="string"><text:p>G</text:p></table:table-cell><table:table-cell office:value-type="string"><text:p>PENAGOS</text:p></table:table-cell><table:table-cell office:value-type="string"><text:p>Mathis</text:p></table:table-cell><table:table-cell office:value-type="float" office:value="39"><text:p>39</text:p></table:table-cell><table:table-cell office:value-type="float" office:value="92"><text:p>92</text:p></table:table-cell><table:table-cell office:value-type="float" office:value="98"><text:p>98</text:p></table:table-cell><table:table-cell/><table:table-cell table:style-name="ce12" office:value-type="string"><text:p>Moyenne Garçon</text:p></table:table-cell><table:table-cell table:style-name="ce19" table:formula="of:=AVERAGE([.D11];[.D15];[.D16];[.D17];[.D18];[.D20];[.D21];[.D22];[.D23];[.D24];[.D25];[.D26];[.D27];[.D28];[.D29])" office:value-type="float" office:value="54.1333333333333"><text:p>54,1333333333</text:p></table:table-cell><table:table-cell table:style-name="ce19" table:formula="of:=AVERAGE([.E11];[.E15];[.E16];[.E17];[.E18];[.E20];[.E21];[.E22];[.E23];[.E24];[.E25];[.E26];[.E27];[.E28];[.E29])" office:value-type="float" office:value="114.466666666667"><text:p>114,4666666667</text:p></table:table-cell><table:table-cell table:number-columns-repeated="246"/></table:table-row><table:table-row table:style-name="ro2"><table:table-cell office:value-type="string"><text:p>G</text:p></table:table-cell><table:table-cell office:value-type="string"><text:p>PEREIRA</text:p></table:table-cell><table:table-cell office:value-type="string"><text:p>Mathys</text:p></table:table-cell><table:table-cell office:value-type="float" office:value="54"><text:p>54</text:p></table:table-cell><table:table-cell office:value-type="float" office:value="203"><text:p>203</text:p></table:table-cell><table:table-cell office:value-type="float" office:value="222"><text:p>222</text:p></table:table-cell><table:table-cell/><table:table-cell table:style-name="ce12" office:value-type="string"><text:p>Moyenne Fille</text:p></table:table-cell><table:table-cell table:style-name="ce19" table:formula="of:=AVERAGE([.D2];[.D4];[.D5];[.D7];[.D8];[.D9];[.D10];[.D12];[.D13];[.D14];[.D19])" office:value-type="float" office:value="68.8181818181818"><text:p>68,8181818182</text:p></table:table-cell><table:table-cell table:style-name="ce19" table:formula="of:=AVERAGE([.E2];[.E4];[.E5];[.E7];[.E8];[.E9];[.E10];[.E12];[.E13];[.E14];[.E19])" office:value-type="float" office:value="135.818181818182"><text:p>135,8181818182</text:p></table:table-cell><table:table-cell table:number-columns-repeated="246"/></table:table-row><table:table-row table:style-name="ro2"><table:table-cell office:value-type="string"><text:p>G</text:p></table:table-cell><table:table-cell office:value-type="string"><text:p>POTIRON</text:p></table:table-cell><table:table-cell office:value-type="string"><text:p>Samuel-Chaka</text:p></table:table-cell><table:table-cell office:value-type="float" office:value="89"><text:p>89</text:p></table:table-cell><table:table-cell office:value-type="float" office:value="116"><text:p>116</text:p></table:table-cell><table:table-cell office:value-type="string"><text:p>RIEN</text:p></table:table-cell><table:table-cell/><table:table-cell table:style-name="ce12" office:value-type="string"><text:p>Moyenne classe</text:p></table:table-cell><table:table-cell table:style-name="ce19" table:formula="of:=AVERAGE([.D2:.D29])" office:value-type="float" office:value="60.3461538461538"><text:p>60,3461538462</text:p></table:table-cell><table:table-cell table:style-name="ce19" table:formula="of:=AVERAGE([.E2:.E29])" office:value-type="float" office:value="123.5"><text:p>123,5</text:p></table:table-cell><table:table-cell table:number-columns-repeated="246"/></table:table-row><table:table-row table:style-name="ro2"><table:table-cell office:value-type="string"><text:p>G</text:p></table:table-cell><table:table-cell office:value-type="string"><text:p>TRAVERS</text:p></table:table-cell><table:table-cell office:value-type="string"><text:p>Raphael</text:p></table:table-cell><table:table-cell office:value-type="float" office:value="36"><text:p>36</text:p></table:table-cell><table:table-cell office:value-type="float" office:value="71"><text:p>71</text:p></table:table-cell><table:table-cell office:value-type="float" office:value="91"><text:p>91</text:p></table:table-cell><table:table-cell table:number-columns-repeated="250"/></table:table-row><table:table-row table:style-name="ro2"><table:table-cell office:value-type="string"><text:p>G</text:p></table:table-cell><table:table-cell office:value-type="string"><text:p>VILEO-BOYER</text:p></table:table-cell><table:table-cell office:value-type="string"><text:p>Hugo</text:p></table:table-cell><table:table-cell office:value-type="float" office:value="51"><text:p>51</text:p></table:table-cell><table:table-cell office:value-type="float" office:value="90"><text:p>90</text:p></table:table-cell><table:table-cell office:value-type="float" office:value="84"><text:p>84</text:p></table:table-cell><table:table-cell/><table:table-cell><draw:frame table:end-cell-address="&apos;503 Comp.&apos;.M48" table:end-x="1.532cm" table:end-y="0.064cm" draw:z-index="0" draw:style-name="gr1" draw:text-style-name="P1" svg:width="15.999cm" svg:height="8.999cm" svg:x="0.034cm" svg:y="0.078cm"><draw:object draw:notify-on-update-of-ranges="&apos;503 Comp.&apos;.I11:&apos;503 Comp.&apos;.N11 &apos;503 Comp.&apos;.H12:&apos;503 Comp.&apos;.H12 &apos;503 Comp.&apos;.I12:&apos;503 Comp.&apos;.N12" xlink:href="./Object 1" xlink:type="simple" xlink:show="embed" xlink:actuate="onLoad"><text:p/></draw:object><draw:image xlink:href="./ObjectReplacements/Object 1" xlink:type="simple" xlink:show="embed" xlink:actuate="onLoad"/></draw:frame></table:table-cell><table:table-cell table:number-columns-repeated="248"/></table:table-row><table:table-row table:style-name="ro3"><table:table-cell table:number-columns-repeated="3"/><table:table-cell table:style-name="Default" table:formula="of:=SUM([.D2:.D29])" office:value-type="float" office:value="1569"><text:p>1569</text:p></table:table-cell><table:table-cell table:style-name="Default" table:formula="of:=SUM([.E2:.E29])" office:value-type="float" office:value="3211"><text:p>3211</text:p></table:table-cell><table:table-cell table:style-name="Default"/><table:table-cell table:number-columns-repeated="250"/></table:table-row><table:table-row table:style-name="ro3" table:number-rows-repeated="18"><table:table-cell table:number-columns-repeated="3"/><table:table-cell table:style-name="Default" table:number-columns-repeated="3"/><table:table-cell table:number-columns-repeated="250"/></table:table-row><table:table-row table:style-name="ro3"><table:table-cell table:number-columns-repeated="3"/><table:table-cell table:style-name="Default" table:number-columns-repeated="3"/><table:table-cell/><table:table-cell><draw:frame table:end-cell-address="&apos;503 Comp.&apos;.M69" table:end-x="1.501cm" table:end-y="0.314cm" draw:z-index="1" draw:style-name="gr1" draw:text-style-name="P1" svg:width="15.992cm" svg:height="8.995cm" svg:x="0.01cm" svg:y="0.352cm"><draw:object draw:notify-on-update-of-ranges="&apos;503 Comp.&apos;.H17:&apos;503 Comp.&apos;.J17 &apos;503 Comp.&apos;.K17:&apos;503 Comp.&apos;.N17 &apos;503 Comp.&apos;.H18:&apos;503 Comp.&apos;.J18 &apos;503 Comp.&apos;.K18:&apos;503 Comp.&apos;.N18" xlink:href="./Object 2" xlink:type="simple" xlink:show="embed" xlink:actuate="onLoad"><text:p/></draw:object><draw:image xlink:href="./ObjectReplacements/Object 2" xlink:type="simple" xlink:show="embed" xlink:actuate="onLoad"/></draw:frame></table:table-cell><table:table-cell table:number-columns-repeated="248"/></table:table-row></table:table></office:spreadsheet></office:body></office:document-content>