<?xml version="1.0" encoding="UTF-8"?>
<office:document-meta xmlns:office="urn:oasis:names:tc:opendocument:xmlns:office:1.0" xmlns:xlink="http://www.w3.org/1999/xlink" xmlns:dc="http://purl.org/dc/elements/1.1/" xmlns:meta="urn:oasis:names:tc:opendocument:xmlns:meta:1.0" xmlns:ooo="http://openoffice.org/2004/office" xmlns:grddl="http://www.w3.org/2003/g/data-view#" office:version="1.2"><office:meta><meta:initial-creator>Emere maau</meta:initial-creator><meta:creation-date>2016-09-06T18:11:24</meta:creation-date><dc:creator>THOMAS LAFARGUE</dc:creator><dc:date>2016-11-23T19:20:23.62</dc:date><meta:print-date>2016-10-08T15:38:03</meta:print-date><meta:generator>OpenOffice/4.1.3$Win32 OpenOffice.org_project/413m1$Build-9783</meta:generator><meta:editing-duration>PT3H17M41S</meta:editing-duration><meta:editing-cycles>6</meta:editing-cycles><meta:document-statistic meta:table-count="1" meta:cell-count="235" meta:object-count="2"/></office:meta></office:document-meta>