<?xml version="1.0" encoding="UTF-8"?>
<office:document-styles xmlns:office="urn:oasis:names:tc:opendocument:xmlns:office:1.0" xmlns:style="urn:oasis:names:tc:opendocument:xmlns:style:1.0" xmlns:text="urn:oasis:names:tc:opendocument:xmlns:text:1.0" xmlns:table="urn:oasis:names:tc:opendocument:xmlns:table:1.0" xmlns:draw="urn:oasis:names:tc:opendocument:xmlns:drawing:1.0" xmlns:fo="urn:oasis:names:tc:opendocument:xmlns:xsl-fo-compatible:1.0" xmlns:xlink="http://www.w3.org/1999/xlink" xmlns:dc="http://purl.org/dc/elements/1.1/" xmlns:meta="urn:oasis:names:tc:opendocument:xmlns:meta:1.0" xmlns:number="urn:oasis:names:tc:opendocument:xmlns:datastyle:1.0" xmlns:presentation="urn:oasis:names:tc:opendocument:xmlns:presentation:1.0" xmlns:svg="urn:oasis:names:tc:opendocument:xmlns:svg-compatible:1.0" xmlns:chart="urn:oasis:names:tc:opendocument:xmlns:chart:1.0" xmlns:dr3d="urn:oasis:names:tc:opendocument:xmlns:dr3d:1.0" xmlns:math="http://www.w3.org/1998/Math/MathML" xmlns:form="urn:oasis:names:tc:opendocument:xmlns:form:1.0" xmlns:script="urn:oasis:names:tc:opendocument:xmlns:script:1.0" xmlns:ooo="http://openoffice.org/2004/office" xmlns:ooow="http://openoffice.org/2004/writer" xmlns:oooc="http://openoffice.org/2004/calc" xmlns:dom="http://www.w3.org/2001/xml-events" xmlns:rpt="http://openoffice.org/2005/report" xmlns:of="urn:oasis:names:tc:opendocument:xmlns:of:1.2" xmlns:xhtml="http://www.w3.org/1999/xhtml" xmlns:grddl="http://www.w3.org/2003/g/data-view#" xmlns:tableooo="http://openoffice.org/2009/table" office:version="1.2"><office:font-face-decls><style:font-face style:name="Arial1" svg:font-family="Arial"/><style:font-face style:name="Arial" svg:font-family="Arial" style:font-family-generic="swiss" style:font-pitch="variable"/><style:font-face style:name="Arial Unicode MS" svg:font-family="&apos;Arial Unicode MS&apos;" style:font-family-generic="system" style:font-pitch="variable"/><style:font-face style:name="Lucida Sans Unicode" svg:font-family="&apos;Lucida Sans Unicode&apos;" style:font-family-generic="system" style:font-pitch="variable"/><style:font-face style:name="SimSun" svg:font-family="SimSun" style:font-family-generic="system" style:font-pitch="variable"/><style:font-face style:name="Tahoma" svg:font-family="Tahoma" style:font-family-generic="system" style:font-pitch="variable"/></office:font-face-decls><office:styles><style:default-style style:family="table-cell"><style:paragraph-properties style:tab-stop-distance="1.27cm"/><style:text-properties style:font-name="Arial" fo:language="en" fo:country="none" style:font-name-asian="Arial Unicode MS" style:language-asian="zh" style:country-asian="CN" style:font-name-complex="Tahoma" style:language-complex="hi" style:country-complex="IN"/></style:default-style><style:default-style style:family="graphic"><style:graphic-properties fo:wrap-option="no-wrap" draw:shadow-offset-x="0.3cm" draw:shadow-offset-y="0.3cm"/><style:paragraph-properties style:text-autospace="ideograph-alpha" style:punctuation-wrap="simple" style:line-break="strict" style:writing-mode="page" style:font-independent-line-spacing="false"><style:tab-stops/></style:paragraph-properties><style:text-properties style:use-window-font-color="true" fo:font-family="&apos;Times New Roman&apos;" style:font-family-generic="roman" style:font-pitch="variable" fo:font-size="12pt" fo:language="en" fo:country="none" style:letter-kerning="true" style:font-size-asian="12pt" style:language-asian="zh" style:country-asian="CN" style:font-size-complex="24pt" style:language-complex="hi" style:country-complex="IN"/></style:default-style><number:number-style style:name="N0"><number:number number:min-integer-digits="1"/></number:number-style><number:currency-style style:name="N107P0" style:volatile="true"><number:currency-symbol>$</number:currency-symbol><number:number number:decimal-places="2" number:min-integer-digits="1" number:grouping="true"/></number:currency-style><number:currency-style style:name="N107"><style:text-properties fo:color="#ff0000"/><number:text>-</number:text><number:currency-symbol>$</number:currency-symbol><number:number number:decimal-places="2" number:min-integer-digits="1" number:grouping="true"/><style:map style:condition="value()&gt;=0" style:apply-style-name="N107P0"/></number:currency-style><number:number-style style:name="N109P0" style:volatile="true"><number:number number:decimal-places="0" number:min-integer-digits="1" number:grouping="true"/><number:text> € </number:text></number:number-style><number:number-style style:name="N109"><number:text>(</number:text><number:number number:decimal-places="0" number:min-integer-digits="1" number:grouping="true"/><number:text> €)</number:text><style:map style:condition="value()&gt;=0" style:apply-style-name="N109P0"/></number:number-style><number:number-style style:name="N110P0" style:volatile="true"><number:number number:decimal-places="0" number:min-integer-digits="1" number:grouping="true"/><number:text> € </number:text></number:number-style><number:number-style style:name="N110"><style:text-properties fo:color="#ff0000"/><number:text>(</number:text><number:number number:decimal-places="0" number:min-integer-digits="1" number:grouping="true"/><number:text> €)</number:text><style:map style:condition="value()&gt;=0" style:apply-style-name="N110P0"/></number:number-style><number:number-style style:name="N112P0" style:volatile="true"><number:number number:decimal-places="2" number:min-integer-digits="1" number:grouping="true"/><number:text> € </number:text></number:number-style><number:number-style style:name="N112"><number:text>(</number:text><number:number number:decimal-places="2" number:min-integer-digits="1" number:grouping="true"/><number:text> €)</number:text><style:map style:condition="value()&gt;=0" style:apply-style-name="N112P0"/></number:number-style><number:number-style style:name="N113P0" style:volatile="true"><number:number number:decimal-places="2" number:min-integer-digits="1" number:grouping="true"/><number:text> € </number:text></number:number-style><number:number-style style:name="N113"><style:text-properties fo:color="#ff0000"/><number:text>(</number:text><number:number number:decimal-places="2" number:min-integer-digits="1" number:grouping="true"/><number:text> €)</number:text><style:map style:condition="value()&gt;=0" style:apply-style-name="N113P0"/></number:number-style><number:number-style style:name="N114P0" style:volatile="true"><number:number number:decimal-places="0" number:min-integer-digits="1" number:grouping="true"/></number:number-style><number:number-style style:name="N114"><number:text>-</number:text><number:number number:decimal-places="0" number:min-integer-digits="1" number:grouping="true"/><style:map style:condition="value()&gt;=0" style:apply-style-name="N114P0"/></number:number-style><number:number-style style:name="N115P0" style:volatile="true"><number:number number:decimal-places="0" number:min-integer-digits="1" number:grouping="true"/></number:number-style><number:number-style style:name="N115"><style:text-properties fo:color="#ff0000"/><number:text>-</number:text><number:number number:decimal-places="0" number:min-integer-digits="1" number:grouping="true"/><style:map style:condition="value()&gt;=0" style:apply-style-name="N115P0"/></number:number-style><number:number-style style:name="N116P0" style:volatile="true"><number:number number:decimal-places="2" number:min-integer-digits="1" number:grouping="true"/></number:number-style><number:number-style style:name="N116"><number:text>-</number:text><number:number number:decimal-places="2" number:min-integer-digits="1" number:grouping="true"/><style:map style:condition="value()&gt;=0" style:apply-style-name="N116P0"/></number:number-style><number:number-style style:name="N117P0" style:volatile="true"><number:number number:decimal-places="2" number:min-integer-digits="1" number:grouping="true"/></number:number-style><number:number-style style:name="N117"><style:text-properties fo:color="#ff0000"/><number:text>-</number:text><number:number number:decimal-places="2" number:min-integer-digits="1" number:grouping="true"/><style:map style:condition="value()&gt;=0" style:apply-style-name="N117P0"/></number:number-style><number:number-style style:name="N121P0" style:volatile="true"><number:text> </number:text><number:number number:decimal-places="0" number:min-integer-digits="1" number:grouping="true"/><number:text>     </number:text></number:number-style><number:number-style style:name="N121P1" style:volatile="true"><number:text> (</number:text><number:number number:decimal-places="0" number:min-integer-digits="1" number:grouping="true"/><number:text>)    </number:text></number:number-style><number:number-style style:name="N121P2" style:volatile="true"><number:text> -     </number:text></number:number-style><number:text-style style:name="N121"><number:text-content/><number:text> </number:text><style:map style:condition="value()&gt;0" style:apply-style-name="N121P0"/><style:map style:condition="value()&lt;0" style:apply-style-name="N121P1"/><style:map style:condition="value()=0" style:apply-style-name="N121P2"/></number:text-style><number:number-style style:name="N125P0" style:volatile="true"><number:text> </number:text><number:number number:decimal-places="0" number:min-integer-digits="1" number:grouping="true"/><number:text>  € </number:text></number:number-style><number:number-style style:name="N125P1" style:volatile="true"><number:text> (</number:text><number:number number:decimal-places="0" number:min-integer-digits="1" number:grouping="true"/><number:text>) € </number:text></number:number-style><number:number-style style:name="N125P2" style:volatile="true"><number:text> -  € </number:text></number:number-style><number:text-style style:name="N125"><number:text-content/><number:text> </number:text><style:map style:condition="value()&gt;0" style:apply-style-name="N125P0"/><style:map style:condition="value()&lt;0" style:apply-style-name="N125P1"/><style:map style:condition="value()=0" style:apply-style-name="N125P2"/></number:text-style><number:number-style style:name="N129P0" style:volatile="true"><number:text> </number:text><number:number number:decimal-places="2" number:min-integer-digits="1" number:grouping="true"/><number:text>     </number:text></number:number-style><number:number-style style:name="N129P1" style:volatile="true"><number:text> (</number:text><number:number number:decimal-places="2" number:min-integer-digits="1" number:grouping="true"/><number:text>)    </number:text></number:number-style><number:number-style style:name="N129P2" style:volatile="true"><number:text> -</number:text><number:number number:decimal-places="0" number:min-integer-digits="0"/><number:text>     </number:text></number:number-style><number:text-style style:name="N129"><number:text-content/><number:text> </number:text><style:map style:condition="value()&gt;0" style:apply-style-name="N129P0"/><style:map style:condition="value()&lt;0" style:apply-style-name="N129P1"/><style:map style:condition="value()=0" style:apply-style-name="N129P2"/></number:text-style><number:number-style style:name="N133P0" style:volatile="true"><number:text> </number:text><number:number number:decimal-places="2" number:min-integer-digits="1" number:grouping="true"/><number:text>  € </number:text></number:number-style><number:number-style style:name="N133P1" style:volatile="true"><number:text> (</number:text><number:number number:decimal-places="2" number:min-integer-digits="1" number:grouping="true"/><number:text>) € </number:text></number:number-style><number:number-style style:name="N133P2" style:volatile="true"><number:text> -</number:text><number:number number:decimal-places="0" number:min-integer-digits="0"/><number:text>  € </number:text></number:number-style><number:text-style style:name="N133"><number:text-content/><number:text> </number:text><style:map style:condition="value()&gt;0" style:apply-style-name="N133P0"/><style:map style:condition="value()&lt;0" style:apply-style-name="N133P1"/><style:map style:condition="value()=0" style:apply-style-name="N133P2"/></number:text-style><number:time-style style:name="N134"><number:minutes number:style="long"/><number:text>:</number:text><number:seconds number:style="long"/></number:time-style><number:time-style style:name="N135" number:truncate-on-overflow="false"><number:hours/><number:text>:</number:text><number:minutes number:style="long"/><number:text>:</number:text><number:seconds number:style="long"/></number:time-style><number:time-style style:name="N136"><number:minutes number:style="long"/><number:text>:</number:text><number:seconds number:style="long" number:decimal-places="1"/></number:time-style><number:number-style style:name="N137"><number:scientific-number number:decimal-places="1" number:min-integer-digits="3" number:min-exponent-digits="1"/></number:number-style><number:number-style style:name="N139P0" style:volatile="true"><number:number number:decimal-places="0" number:min-integer-digits="1" number:grouping="true"/><number:text> €</number:text></number:number-style><number:number-style style:name="N139"><number:text>-</number:text><number:number number:decimal-places="0" number:min-integer-digits="1" number:grouping="true"/><number:text> €</number:text><style:map style:condition="value()&gt;=0" style:apply-style-name="N139P0"/></number:number-style><number:number-style style:name="N140P0" style:volatile="true"><number:number number:decimal-places="0" number:min-integer-digits="1" number:grouping="true"/><number:text> €</number:text></number:number-style><number:number-style style:name="N140"><style:text-properties fo:color="#ff0000"/><number:text>-</number:text><number:number number:decimal-places="0" number:min-integer-digits="1" number:grouping="true"/><number:text> €</number:text><style:map style:condition="value()&gt;=0" style:apply-style-name="N140P0"/></number:number-style><number:number-style style:name="N142P0" style:volatile="true"><number:number number:decimal-places="2" number:min-integer-digits="1" number:grouping="true"/><number:text> €</number:text></number:number-style><number:number-style style:name="N142"><number:text>-</number:text><number:number number:decimal-places="2" number:min-integer-digits="1" number:grouping="true"/><number:text> €</number:text><style:map style:condition="value()&gt;=0" style:apply-style-name="N142P0"/></number:number-style><number:number-style style:name="N143P0" style:volatile="true"><number:number number:decimal-places="2" number:min-integer-digits="1" number:grouping="true"/><number:text> €</number:text></number:number-style><number:number-style style:name="N143"><style:text-properties fo:color="#ff0000"/><number:text>-</number:text><number:number number:decimal-places="2" number:min-integer-digits="1" number:grouping="true"/><number:text> €</number:text><style:map style:condition="value()&gt;=0" style:apply-style-name="N143P0"/></number:number-style><number:number-style style:name="N147P0" style:volatile="true"><number:text> </number:text><number:number number:decimal-places="0" number:min-integer-digits="1" number:grouping="true"/><number:text> € </number:text></number:number-style><number:number-style style:name="N147P1" style:volatile="true"><number:text>-</number:text><number:number number:decimal-places="0" number:min-integer-digits="1" number:grouping="true"/><number:text> € </number:text></number:number-style><number:number-style style:name="N147P2" style:volatile="true"><number:text> - € </number:text></number:number-style><number:text-style style:name="N147"><number:text-content/><number:text> </number:text><style:map style:condition="value()&gt;0" style:apply-style-name="N147P0"/><style:map style:condition="value()&lt;0" style:apply-style-name="N147P1"/><style:map style:condition="value()=0" style:apply-style-name="N147P2"/></number:text-style><number:number-style style:name="N151P0" style:volatile="true"><number:text> </number:text><number:number number:decimal-places="0" number:min-integer-digits="1" number:grouping="true"/><number:text>    </number:text></number:number-style><number:number-style style:name="N151P1" style:volatile="true"><number:text>-</number:text><number:number number:decimal-places="0" number:min-integer-digits="1" number:grouping="true"/><number:text>    </number:text></number:number-style><number:number-style style:name="N151P2" style:volatile="true"><number:text> -    </number:text></number:number-style><number:text-style style:name="N151"><number:text-content/><number:text> </number:text><style:map style:condition="value()&gt;0" style:apply-style-name="N151P0"/><style:map style:condition="value()&lt;0" style:apply-style-name="N151P1"/><style:map style:condition="value()=0" style:apply-style-name="N151P2"/></number:text-style><number:number-style style:name="N155P0" style:volatile="true"><number:text> </number:text><number:number number:decimal-places="2" number:min-integer-digits="1" number:grouping="true"/><number:text> € </number:text></number:number-style><number:number-style style:name="N155P1" style:volatile="true"><number:text>-</number:text><number:number number:decimal-places="2" number:min-integer-digits="1" number:grouping="true"/><number:text> € </number:text></number:number-style><number:number-style style:name="N155P2" style:volatile="true"><number:text> -</number:text><number:number number:decimal-places="0" number:min-integer-digits="0"/><number:text> € </number:text></number:number-style><number:text-style style:name="N155"><number:text-content/><number:text> </number:text><style:map style:condition="value()&gt;0" style:apply-style-name="N155P0"/><style:map style:condition="value()&lt;0" style:apply-style-name="N155P1"/><style:map style:condition="value()=0" style:apply-style-name="N155P2"/></number:text-style><number:number-style style:name="N159P0" style:volatile="true"><number:text> </number:text><number:number number:decimal-places="2" number:min-integer-digits="1" number:grouping="true"/><number:text>    </number:text></number:number-style><number:number-style style:name="N159P1" style:volatile="true"><number:text>-</number:text><number:number number:decimal-places="2" number:min-integer-digits="1" number:grouping="true"/><number:text>    </number:text></number:number-style><number:number-style style:name="N159P2" style:volatile="true"><number:text> -</number:text><number:number number:decimal-places="0" number:min-integer-digits="0"/><number:text>    </number:text></number:number-style><number:text-style style:name="N159"><number:text-content/><number:text> </number:text><style:map style:condition="value()&gt;0" style:apply-style-name="N159P0"/><style:map style:condition="value()&lt;0" style:apply-style-name="N159P1"/><style:map style:condition="value()=0" style:apply-style-name="N159P2"/></number:text-style><number:currency-style style:name="N161P0" style:volatile="true"><number:number number:decimal-places="2" number:min-integer-digits="1" number:grouping="true"/><number:text> </number:text><number:currency-symbol number:language="fr" number:country="FR">€</number:currency-symbol></number:currency-style><number:currency-style style:name="N161"><style:text-properties fo:color="#ff0000"/><number:text>-</number:text><number:number number:decimal-places="2" number:min-integer-digits="1" number:grouping="true"/><number:text> </number:text><number:currency-symbol number:language="fr" number:country="FR">€</number:currency-symbol><style:map style:condition="value()&gt;=0" style:apply-style-name="N161P0"/></number:currency-style><number:currency-style style:name="N162P0" style:volatile="true"><number:number number:decimal-places="2" number:min-integer-digits="1" number:grouping="true"/><number:text> </number:text><number:currency-symbol number:language="fr" number:country="FR">€</number:currency-symbol></number:currency-style><number:currency-style style:name="N162"><style:text-properties fo:color="#ff0000"/><number:text>-</number:text><number:number number:decimal-places="2" number:min-integer-digits="1" number:grouping="true"/><number:text> </number:text><number:currency-symbol number:language="fr" number:country="FR">€</number:currency-symbol><style:map style:condition="value()&gt;=0" style:apply-style-name="N162P0"/></number:currency-style><number:date-style style:name="N8116" number:language="en"><number:day number:style="long"/><number:text>-</number:text><number:month number:textual="true"/><number:text>-</number:text><number:year/></number:date-style><number:date-style style:name="N8117" number:language="en"><number:day number:style="long"/><number:text>-</number:text><number:month number:textual="true"/></number:date-style><number:date-style style:name="N8118" number:language="en"><number:month number:textual="true"/><number:text>-</number:text><number:year/></number:date-style><number:time-style style:name="N8119" number:language="en"><number:hours/><number:text>:</number:text><number:minutes number:style="long"/><number:text> </number:text><number:am-pm/></number:time-style><number:time-style style:name="N8120" number:language="en"><number:hours/><number:text>:</number:text><number:minutes number:style="long"/><number:text>:</number:text><number:seconds number:style="long"/><number:text> </number:text><number:am-pm/></number:time-style><number:date-style style:name="N8121" number:language="en"><number:day number:style="long"/><number:text>/</number:text><number:month number:style="long"/><number:text>/</number:text><number:year number:style="long"/><number:text> </number:text><number:hours number:style="long"/><number:text>:</number:text><number:minutes number:style="long"/></number:date-style><style:style style:name="Default" style:family="table-cell"><style:table-cell-properties style:rotation-align="none"/><style:text-properties style:font-name="Arial1" style:font-name-asian="SimSun" style:font-name-complex="Arial1"/></style:style><style:style style:name="Result" style:family="table-cell" style:parent-style-name="Default"><style:text-properties fo:font-style="italic" style:text-underline-style="solid" style:text-underline-width="auto" style:text-underline-color="font-color" fo:font-weight="bold"/></style:style><style:style style:name="Result2" style:family="table-cell" style:parent-style-name="Result" style:data-style-name="N107"/><style:style style:name="Heading" style:family="table-cell" style:parent-style-name="Default"><style:table-cell-properties style:text-align-source="fix" style:repeat-content="false"/><style:paragraph-properties fo:text-align="center"/><style:text-properties fo:font-size="16pt" fo:font-style="italic" fo:font-weight="bold"/></style:style><style:style style:name="Heading1" style:family="table-cell" style:parent-style-name="Heading"><style:table-cell-properties style:rotation-angle="90"/></style:style></office:styles><office:automatic-styles><style:page-layout style:name="Mpm1"><style:page-layout-properties style:first-page-number="continue" style:writing-mode="lr-tb"/><style:header-style><style:header-footer-properties fo:min-height="0.751cm" fo:margin-left="0cm" fo:margin-right="0cm" fo:margin-bottom="0.25cm"/></style:header-style><style:footer-style><style:header-footer-properties fo:min-height="0.751cm" fo:margin-left="0cm" fo:margin-right="0cm" fo:margin-top="0.25cm"/></style:footer-style></style:page-layout><style:page-layout style:name="Mpm2"><style:page-layout-properties style:writing-mode="lr-tb"/><style:header-style><style:header-footer-properties fo:min-height="0.751cm" fo:margin-left="0cm" fo:margin-right="0cm" fo:margin-bottom="0.25cm" fo:border="0.088cm solid #000000" fo:padding="0.018cm" fo:background-color="#c0c0c0"><style:background-image/></style:header-footer-properties></style:header-style><style:footer-style><style:header-footer-properties fo:min-height="0.751cm" fo:margin-left="0cm" fo:margin-right="0cm" fo:margin-top="0.25cm" fo:border="0.088cm solid #000000" fo:padding="0.018cm" fo:background-color="#c0c0c0"><style:background-image/></style:header-footer-properties></style:footer-style></style:page-layout><style:page-layout style:name="Mpm3"><style:page-layout-properties style:num-format="1" style:print-orientation="portrait" fo:margin-top="2.499cm" fo:margin-bottom="2.499cm" fo:margin-left="2cm" fo:margin-right="2cm" style:first-page-number="continue" style:scale-to="100%" style:writing-mode="lr-tb"/><style:header-style><style:header-footer-properties fo:min-height="0.751cm" fo:margin-left="0cm" fo:margin-right="0cm" fo:margin-bottom="0cm"/></style:header-style><style:footer-style><style:header-footer-properties fo:min-height="0.751cm" fo:margin-left="0cm" fo:margin-right="0cm" fo:margin-top="0cm"/></style:footer-style></style:page-layout></office:automatic-styles><office:master-styles><style:master-page style:name="Default" style:page-layout-name="Mpm1"><style:header><text:p><text:sheet-name>???</text:sheet-name></text:p></style:header><style:header-left style:display="false"/><style:footer><text:p>Page <text:page-number>1</text:page-number></text:p></style:footer><style:footer-left style:display="false"/></style:master-page><style:master-page style:name="Report" style:page-layout-name="Mpm2"><style:header><style:region-left><text:p><text:sheet-name>???</text:sheet-name> (<text:title>???</text:title>)</text:p></style:region-left><style:region-right><text:p><text:date style:data-style-name="N2" text:date-value="2016-11-23">23/11/2016</text:date>, <text:time>19:20:23</text:time></text:p></style:region-right></style:header><style:header-left style:display="false"/><style:footer><text:p>Page <text:page-number>1</text:page-number> / <text:page-count>99</text:page-count></text:p></style:footer><style:footer-left style:display="false"/></style:master-page><style:master-page style:name="PageStyle_5f_503_20_Comp." style:display-name="PageStyle_503 Comp." style:page-layout-name="Mpm3"><style:header style:display="false"/><style:header-left style:display="false"/><style:footer style:display="false"/><style:footer-left style:display="false"/></style:master-page></office:master-styles></office:document-styles>